Date,Close/Last,Volume,Open,High,Low
11/09/2021,0.113224,N/A,0.11111,0.117455,0.111951
11/08/2021,0.110739,N/A,0.106385,0.112562,0.108548
11/07/2021,0.106548,N/A,0.103092,0.107371,0.104477
11/06/2021,0.103026,N/A,0.103547,0.103411,0.10201
11/05/2021,0.103608,N/A,0.104006,0.103845,0.102608
11/04/2021,0.103784,N/A,0.105494,0.104093,0.102404
11/03/2021,0.10538,N/A,0.105429,0.106021,0.104652
11/02/2021,0.105127,N/A,0.101212,0.107768,0.105085
11/01/2021,0.101024,N/A,0.098845,0.101641,0.099816
10/31/2021,0.098906,N/A,0.100241,0.101888,0.098861
10/30/2021,0.100309,N/A,0.10149,0.102367,0.09962
10/29/2021,0.101325,N/A,0.096847,0.101827,0.09787
10/28/2021,0.096463,N/A,0.09217,0.096769,0.094691
10/27/2021,0.092215,N/A,0.101779,0.092215,0.090614
10/26/2021,0.101897,N/A,0.103234,0.102102,0.100673
10/25/2021,0.103215,N/A,0.10075,0.10461,0.100465
10/24/2021,0.10076,N/A,0.100225,0.10083,0.097846
10/23/2021,0.100269,N/A,0.100027,0.100816,0.099629
10/22/2021,0.1,N/A,0.101519,0.100051,0.098958
10/21/2021,0.101475,N/A,0.103465,0.101947,0.099447
10/20/2021,0.103328,N/A,0.100279,0.104331,0.102075
10/19/2021,0.100376,N/A,0.099176,0.100878,0.100082
10/18/2021,0.099017,N/A,0.098593,0.099218,0.097872
10/17/2021,0.098511,N/A,0.098922,0.099329,0.098365
10/16/2021,0.098929,N/A,0.098535,0.099114,0.097613
10/15/2021,0.098753,N/A,0.09758,0.099807,0.098514
10/14/2021,0.097816,N/A,0.098094,0.097959,0.095384
10/13/2021,0.098049,N/A,0.09633,0.098542,0.097104
10/12/2021,0.09645,N/A,0.094046,0.096557,0.094932
10/11/2021,0.094389,N/A,0.099652,0.097112,0.093273
10/10/2021,0.099504,N/A,0.101158,0.099621,0.096937
10/09/2021,0.100932,N/A,0.101187,0.103087,0.099275
10/08/2021,0.101138,N/A,0.096054,0.101844,0.097125
10/07/2021,0.097493,N/A,0.095416,0.09793,0.095257
10/06/2021,0.096243,N/A,0.095269,0.09639,0.09341
10/05/2021,0.095176,N/A,0.093284,0.096488,0.094625
10/04/2021,0.093902,N/A,0.092955,0.094184,0.092897
10/03/2021,0.0922,N/A,0.093704,0.095165,0.092112
10/02/2021,0.093801,N/A,0.093407,0.094374,0.092581
10/01/2021,0.093096,N/A,0.088693,0.09484,0.092968
09/30/2021,0.088559,N/A,0.08838,0.090013,0.088525
09/29/2021,0.088506,N/A,0.085831,0.08868,0.08552
09/28/2021,0.085733,N/A,0.086713,0.08576,0.082594
09/27/2021,0.089823,N/A,0.087508,0.090568,0.086702
09/26/2021,0.089345,N/A,0.088415,0.090265,0.086702
09/25/2021,0.088413,N/A,0.09253,0.09079,0.087415
09/24/2021,0.092588,N/A,0.096711,0.093584,0.091346
09/23/2021,0.097199,N/A,0.099998,0.099366,0.097084
09/22/2021,0.099897,N/A,0.089869,0.100619,0.097556
09/21/2021,0.090173,N/A,0.092248,0.090594,0.086683
09/20/2021,0.092333,N/A,0.096064,0.093326,0.087007
09/19/2021,0.096089,N/A,0.104093,0.10373,0.095147
09/18/2021,0.104485,N/A,0.106991,0.105952,0.103752
09/17/2021,0.105523,N/A,0.11914,0.105604,0.103537
09/16/2021,0.119646,N/A,0.115556,0.120111,0.115302
09/15/2021,0.115058,N/A,0.115644,0.122226,0.114467
09/14/2021,0.115594,N/A,0.108688,0.118399,0.114784
09/13/2021,0.108537,N/A,0.106135,0.10956,0.10415
09/12/2021,0.108357,N/A,0.099666,0.116942,0.106175
09/11/2021,0.099642,N/A,0.092412,0.099809,0.093856
09/10/2021,0.092033,N/A,0.094743,0.093732,0.090439
09/09/2021,0.094604,N/A,0.091608,0.095794,0.092477
09/08/2021,0.091419,N/A,0.08686,0.093363,0.090589
09/07/2021,0.086932,N/A,0.104043,0.088448,0.084091
09/06/2021,0.104162,N/A,0.104398,0.105933,0.103544
09/05/2021,0.102503,N/A,0.102945,0.103898,0.101088
09/04/2021,0.10154,N/A,0.101014,0.103525,0.101118
09/03/2021,0.100986,N/A,0.101882,0.101451,0.099363
09/02/2021,0.101258,N/A,0.095196,0.101307,0.097839
09/01/2021,0.095074,N/A,0.088441,0.09621,0.093446
08/31/2021,0.088355,N/A,0.08636,0.089162,0.087265
08/30/2021,0.08622,N/A,0.086879,0.086472,0.085161
08/29/2021,0.086926,N/A,0.087423,0.088747,0.086774
08/28/2021,0.087468,N/A,0.087019,0.090123,0.087324
08/27/2021,0.087057,N/A,0.082234,0.088358,0.086856
08/26/2021,0.083688,N/A,0.082892,0.088354,0.083027
08/25/2021,0.085167,N/A,0.085002,0.088354,0.085041
08/24/2021,0.085061,N/A,0.089359,0.086822,0.083863
08/23/2021,0.089291,N/A,0.090232,0.090468,0.088432
08/22/2021,0.09016,N/A,0.088104,0.090426,0.08769
08/21/2021,0.087895,N/A,0.090002,0.089155,0.087555
08/20/2021,0.090051,N/A,0.087503,0.090472,0.088987
08/19/2021,0.087553,N/A,0.082934,0.088809,0.087093
08/18/2021,0.083206,N/A,0.083921,0.085322,0.083042
08/17/2021,0.0838,N/A,0.090211,0.085798,0.081927
08/16/2021,0.090543,N/A,0.091788,0.090766,0.087262
08/15/2021,0.091711,N/A,0.093544,0.094494,0.091711
08/14/2021,0.094059,N/A,0.088644,0.095044,0.092423
08/13/2021,0.088621,N/A,0.085373,0.090379,0.088532
08/12/2021,0.085451,N/A,0.089705,0.085872,0.083064
08/11/2021,0.090205,N/A,0.075337,0.091115,0.08306
08/10/2021,0.075316,N/A,0.074108,0.075493,0.074269
08/09/2021,0.073885,N/A,0.070802,0.074559,0.073354
08/08/2021,0.070887,N/A,0.07422,0.072187,0.069951
08/07/2021,0.074171,N/A,0.074378,0.075883,0.073402
08/06/2021,0.074262,N/A,0.07067,0.074403,0.071829
08/05/2021,0.070689,N/A,0.070278,0.071267,0.06991
08/04/2021,0.070112,N/A,0.064004,0.070462,0.067355
08/03/2021,0.064145,N/A,0.064065,0.064809,0.063537
08/02/2021,0.063831,N/A,0.063322,0.065414,0.063705
08/01/2021,0.063354,N/A,0.066377,0.064342,0.062629
07/31/2021,0.066539,N/A,0.063284,0.066605,0.063118
07/30/2021,0.063341,N/A,0.06229,0.064197,0.062652
07/29/2021,0.062265,N/A,0.060395,0.062524,0.061446
07/28/2021,0.060535,N/A,0.061019,0.062093,0.060013
07/27/2021,0.06103,N/A,0.059352,0.061722,0.059842
07/26/2021,0.058619,N/A,0.061177,0.059883,0.057181
07/25/2021,0.061303,N/A,0.056619,0.061665,0.05767
07/24/2021,0.05663,N/A,0.056308,0.05667,0.05592
07/23/2021,0.056437,N/A,0.055612,0.056437,0.055782
07/22/2021,0.055583,N/A,0.053392,0.056096,0.054895
07/21/2021,0.05337,N/A,0.051059,0.054162,0.05298
07/20/2021,0.050996,N/A,0.050209,0.051069,0.049755
07/19/2021,0.050124,N/A,0.055694,0.054178,0.050002
07/18/2021,0.055769,N/A,0.056749,0.056209,0.055128
07/17/2021,0.056669,N/A,0.055218,0.057482,0.05596
07/16/2021,0.055224,N/A,0.058558,0.05654,0.054774
07/15/2021,0.05854,N/A,0.059283,0.058763,0.057302
07/14/2021,0.059317,N/A,0.057287,0.060718,0.05926
07/13/2021,0.057146,N/A,0.060405,0.059438,0.056899
07/12/2021,0.060479,N/A,0.062586,0.060691,0.05972
07/11/2021,0.062562,N/A,0.060937,0.062625,0.061604
07/10/2021,0.061011,N/A,0.061916,0.061588,0.060949
07/09/2021,0.061934,N/A,0.060487,0.06302,0.061738
07/08/2021,0.060484,N/A,0.063054,0.06109,0.059518
07/07/2021,0.062992,N/A,0.06517,0.064459,0.062473
07/06/2021,0.065205,N/A,0.064893,0.065252,0.06441
07/05/2021,0.064849,N/A,0.066426,0.065544,0.064505
07/04/2021,0.066243,N/A,0.066715,0.067385,0.06619
07/03/2021,0.0668,N/A,0.064874,0.06739,0.065207
07/02/2021,0.065347,N/A,0.063468,0.066617,0.065207
07/01/2021,0.063478,N/A,0.066024,0.065464,0.063404
06/30/2021,0.066017,N/A,0.065862,0.068274,0.065898
06/29/2021,0.066524,N/A,0.067317,0.068739,0.066524
06/28/2021,0.067314,N/A,0.06494,0.06843,0.065242
06/27/2021,0.064988,N/A,0.063226,0.065064,0.064241
06/26/2021,0.063242,N/A,0.061737,0.063582,0.062213
06/25/2021,0.061749,N/A,0.067623,0.062551,0.060277
06/24/2021,0.067635,N/A,0.064376,0.068512,0.06527
06/23/2021,0.063843,N/A,0.05503,0.066236,0.057827
06/22/2021,0.05491,N/A,0.056001,0.055449,0.049438
06/21/2021,0.056121,N/A,0.065702,0.056341,0.051817
06/20/2021,0.06581,N/A,0.06789,0.06799,0.065728
06/19/2021,0.068027,N/A,0.068707,0.068535,0.067276
06/18/2021,0.068471,N/A,0.072833,0.070072,0.068291
06/17/2021,0.072611,N/A,0.070977,0.074106,0.071423
06/16/2021,0.070971,N/A,0.072124,0.071024,0.068278
06/15/2021,0.072035,N/A,0.071955,0.072299,0.070591
06/14/2021,0.07197,N/A,0.07064,0.072703,0.07157
06/13/2021,0.07051,N/A,0.067197,0.071947,0.070357
06/12/2021,0.067282,N/A,0.066812,0.069056,0.067206
06/11/2021,0.0662,N/A,0.072685,0.069181,0.0662
06/10/2021,0.072587,N/A,0.07475,0.073307,0.071421
06/09/2021,0.074911,N/A,0.070783,0.075757,0.074689
06/08/2021,0.070999,N/A,0.069825,0.072581,0.070026
06/07/2021,0.069781,N/A,0.078001,0.072488,0.068684
06/06/2021,0.077988,N/A,0.076489,0.078573,0.077085
06/05/2021,0.07636,N/A,0.078742,0.076544,0.075369
06/04/2021,0.079517,N/A,0.078937,0.079711,0.077132
06/03/2021,0.078953,N/A,0.077781,0.082851,0.077974
06/02/2021,0.078301,N/A,0.075411,0.078456,0.077187
06/01/2021,0.075883,N/A,0.07582,0.076551,0.074175
05/31/2021,0.075351,N/A,0.070662,0.077442,0.075116
05/30/2021,0.070107,N/A,0.069043,0.072723,0.069989
05/29/2021,0.068838,N/A,0.073947,0.068938,0.066571
05/28/2021,0.073666,N/A,0.079257,0.074354,0.07192
05/27/2021,0.078875,N/A,0.077806,0.081528,0.077455
05/26/2021,0.077224,N/A,0.080049,0.083172,0.07665
05/25/2021,0.079705,N/A,0.075916,0.079967,0.076056
05/24/2021,0.075805,N/A,0.064516,0.080882,0.074123
05/23/2021,0.064664,N/A,0.075201,0.065144,0.06193
05/22/2021,0.075033,N/A,0.075415,0.07699,0.074219
05/21/2021,0.075852,N/A,0.090687,0.079071,0.075432
05/20/2021,0.090914,N/A,0.080599,0.093117,0.089184
05/19/2021,0.079933,N/A,0.107216,0.081184,0.073724
05/18/2021,0.107739,N/A,0.116065,0.117696,0.106569
05/17/2021,0.116299,N/A,0.110942,0.11658,0.111848
05/16/2021,0.111603,N/A,0.126834,0.11961,0.110307
05/15/2021,0.125595,N/A,0.12353,0.127941,0.119923
05/14/2021,0.12373,N/A,0.120199,0.125965,0.123006
05/13/2021,0.121482,N/A,0.120961,0.123465,0.119692
05/12/2021,0.119914,N/A,0.146719,0.123,0.109081
05/11/2021,0.146211,N/A,0.123267,0.146811,0.138575
05/10/2021,0.123676,N/A,0.145267,0.128986,0.12172
05/09/2021,0.144979,N/A,0.139614,0.147199,0.142913
05/08/2021,0.143182,N/A,0.149974,0.145666,0.142366
05/07/2021,0.149482,N/A,0.15606,0.150479,0.145487
05/06/2021,0.157058,N/A,0.145667,0.169771,0.14964
05/05/2021,0.145697,N/A,0.123563,0.148751,0.140693
05/04/2021,0.124169,N/A,0.124942,0.124169,0.121984
05/03/2021,0.123844,N/A,0.129571,0.131755,0.123302
05/02/2021,0.129766,N/A,0.126896,0.130945,0.127444
05/01/2021,0.127951,N/A,0.133166,0.132166,0.127936
04/30/2021,0.132721,N/A,0.121284,0.133455,0.129941
04/29/2021,0.121152,N/A,0.122072,0.121243,0.118891
04/28/2021,0.121362,N/A,0.123596,0.123184,0.120155
04/27/2021,0.125491,N/A,0.11864,0.12974,0.124376
04/26/2021,0.118956,N/A,0.110351,0.121826,0.115573
04/25/2021,0.109848,N/A,0.102303,0.110045,0.100258
04/24/2021,0.102614,N/A,0.108789,0.106299,0.10203
04/23/2021,0.108615,N/A,0.098464,0.109899,0.102516
04/22/2021,0.097375,N/A,0.120151,0.112478,0.090961
04/21/2021,0.119275,N/A,0.131498,0.125729,0.119275
04/20/2021,0.131932,N/A,0.121976,0.135531,0.130876
04/19/2021,0.12204,N/A,0.146872,0.130514,0.117914
04/18/2021,0.146187,N/A,0.137076,0.147772,0.138013
04/17/2021,0.132375,N/A,0.174178,0.156821,0.127099
04/16/2021,0.173791,N/A,0.160044,0.179874,0.161091
04/15/2021,0.158591,N/A,0.140959,0.167093,0.153805
04/14/2021,0.140452,N/A,0.152454,0.140977,0.136165
04/13/2021,0.153437,N/A,0.131985,0.155126,0.143418
04/12/2021,0.131945,N/A,0.132294,0.133613,0.128793
04/11/2021,0.133938,N/A,0.121497,0.134821,0.121644
04/10/2021,0.121236,N/A,0.118872,0.126701,0.121236
04/09/2021,0.118156,N/A,0.120163,0.118619,0.112643
04/08/2021,0.120899,N/A,0.114509,0.125059,0.120194
04/07/2021,0.11474,N/A,0.120082,0.117185,0.110254
04/06/2021,0.121562,N/A,0.135043,0.125561,0.12031
04/05/2021,0.135004,N/A,0.137802,0.138641,0.130138
04/04/2021,0.137676,N/A,0.106566,0.138885,0.127618
04/03/2021,0.106376,N/A,0.089427,0.11118,0.09992
04/02/2021,0.089675,N/A,0.085267,0.093298,0.088753
04/01/2021,0.085216,N/A,0.086348,0.087336,0.084295
03/31/2021,0.087283,N/A,0.068205,0.093042,0.086088
03/30/2021,0.066777,N/A,0.064371,0.068754,0.065549
03/29/2021,0.064338,N/A,0.063999,0.064852,0.064236
03/28/2021,0.064064,N/A,0.063534,0.064287,0.06325
03/27/2021,0.06405,N/A,0.065043,0.06405,0.062734
03/26/2021,0.064385,N/A,0.056707,0.06582,0.063364
03/25/2021,0.057225,N/A,0.05429,0.057557,0.055285
03/24/2021,0.054179,N/A,0.05965,0.056092,0.053315
03/23/2021,0.059533,N/A,0.06061,0.060053,0.058162
03/22/2021,0.060248,N/A,0.063232,0.0614,0.059076
03/21/2021,0.063031,N/A,0.061679,0.063749,0.061164
03/20/2021,0.061761,N/A,0.063809,0.063403,0.060478
03/19/2021,0.064769,N/A,0.053677,0.064958,0.058634
03/18/2021,0.053729,N/A,0.053894,0.053822,0.052264
03/17/2021,0.053903,N/A,0.053355,0.055153,0.05378
03/16/2021,0.053303,N/A,0.050454,0.053326,0.051991
03/15/2021,0.050262,N/A,0.05196,0.051081,0.049143
03/14/2021,0.052058,N/A,0.053494,0.052071,0.050873
03/13/2021,0.053512,N/A,0.05008,0.053836,0.052364
03/12/2021,0.050066,N/A,0.051094,0.050127,0.048883
03/11/2021,0.051098,N/A,0.051296,0.051716,0.050961
03/10/2021,0.051174,N/A,0.052264,0.051709,0.050761
03/09/2021,0.052181,N/A,0.053109,0.053355,0.050446
03/08/2021,0.05328,N/A,0.051112,0.053513,0.052434
03/07/2021,0.051052,N/A,0.050252,0.05204,0.050729
03/06/2021,0.050296,N/A,0.049731,0.050615,0.050016
03/05/2021,0.049789,N/A,0.049348,0.050661,0.049588
03/04/2021,0.049746,N/A,0.049247,0.051431,0.048526
03/03/2021,0.049613,N/A,0.047884,0.052026,0.048439
03/02/2021,0.047828,N/A,0.047414,0.047876,0.046532
03/01/2021,0.047295,N/A,0.045762,0.048349,0.04698
02/28/2021,0.04574,N/A,0.043866,0.0466,0.045286
02/27/2021,0.044451,N/A,0.046707,0.046784,0.043962
02/26/2021,0.046552,N/A,0.045505,0.046698,0.045162
02/25/2021,0.045599,N/A,0.047358,0.046191,0.04367
02/24/2021,0.047608,N/A,0.047561,0.04931,0.047419
02/23/2021,0.047717,N/A,0.050334,0.048088,0.043313
02/22/2021,0.049668,N/A,0.057449,0.054515,0.049668
02/21/2021,0.057025,N/A,0.059234,0.059497,0.056478
02/20/2021,0.058728,N/A,0.061113,0.059295,0.056569
02/19/2021,0.061309,N/A,0.056635,0.061957,0.058475
02/18/2021,0.056528,N/A,0.053773,0.057488,0.054062
02/17/2021,0.053708,N/A,0.049121,0.054185,0.052552
02/16/2021,0.049356,N/A,0.054897,0.052107,0.049014
02/15/2021,0.055034,N/A,0.04799,0.055141,0.049321
02/14/2021,0.047848,N/A,0.057569,0.056233,0.046077
02/13/2021,0.057722,N/A,0.056855,0.060048,0.056507
02/12/2021,0.057056,N/A,0.053995,0.057491,0.055188
02/11/2021,0.053442,N/A,0.045733,0.057746,0.052316
02/10/2021,0.04573,N/A,0.046876,0.046415,0.044624
02/09/2021,0.046837,N/A,0.042248,0.048207,0.045103
02/08/2021,0.04246,N/A,0.036042,0.043704,0.040416
02/07/2021,0.036084,N/A,0.034262,0.036484,0.035301
02/06/2021,0.034072,N/A,0.034471,0.035438,0.034072
02/05/2021,0.034849,N/A,0.03361,0.036378,0.033564
02/04/2021,0.033649,N/A,0.033976,0.033798,0.032996
02/03/2021,0.033858,N/A,0.034058,0.034683,0.033504
02/02/2021,0.034106,N/A,0.032897,0.034651,0.033182
02/01/2021,0.032859,N/A,0.033654,0.033454,0.032307
01/31/2021,0.033352,N/A,0.031582,0.033412,0.031222
01/30/2021,0.031549,N/A,0.03168,0.032176,0.031453
01/29/2021,0.031738,N/A,0.030667,0.033577,0.03133
01/28/2021,0.030442,N/A,0.028735,0.030793,0.029407
01/27/2021,0.028778,N/A,0.028867,0.028881,0.027956
01/26/2021,0.028763,N/A,0.029366,0.02949,0.028614
01/25/2021,0.029316,N/A,0.030075,0.029945,0.028771
01/24/2021,0.030052,N/A,0.029752,0.030388,0.029753
01/23/2021,0.029718,N/A,0.02866,0.030351,0.029001
01/22/2021,0.028655,N/A,0.027377,0.028855,0.028394
01/21/2021,0.027329,N/A,0.029767,0.027633,0.026382
01/20/2021,0.029909,N/A,0.030637,0.030549,0.029714
01/19/2021,0.030676,N/A,0.031127,0.031177,0.03025
01/18/2021,0.031206,N/A,0.029891,0.031773,0.031117
01/17/2021,0.029762,N/A,0.030147,0.030505,0.029672
01/16/2021,0.030309,N/A,0.029984,0.030744,0.029801
01/15/2021,0.029896,N/A,0.029853,0.030127,0.029518
01/14/2021,0.029971,N/A,0.030278,0.03063,0.029828
01/13/2021,0.030296,N/A,0.028482,0.031449,0.029579
01/12/2021,0.028408,N/A,0.029392,0.028844,0.02778
01/11/2021,0.029188,N/A,0.029707,0.029737,0.028343
01/10/2021,0.029739,N/A,0.035353,0.03279,0.028948
01/09/2021,0.03498,N/A,0.03107,0.036023,0.033811
01/08/2021,0.030944,N/A,0.029841,0.031318,0.029593
01/07/2021,0.029761,N/A,0.03259,0.031161,0.028719
01/06/2021,0.032533,N/A,0.02842,0.032533,0.030058
01/05/2021,0.028336,N/A,0.028029,0.028635,0.027818
01/04/2021,0.02828,N/A,0.030872,0.031132,0.027016
01/03/2021,0.030696,N/A,0.026937,0.031882,0.029457
01/02/2021,0.026912,N/A,0.026901,0.02735,0.02687
01/01/2021,0.0269,N/A,0.02706,0.026983,0.026512
12/31/2020,0.027068,N/A,0.026608,0.027305,0.026518
12/30/2020,0.026632,N/A,0.026766,0.027,0.026445
12/29/2020,0.026861,N/A,0.027122,0.02781,0.026825
12/28/2020,0.027147,N/A,0.028714,0.030219,0.026955
12/27/2020,0.028761,N/A,0.027923,0.029524,0.028628
12/26/2020,0.02793,N/A,0.028067,0.028193,0.027586
12/25/2020,0.028236,N/A,0.027323,0.028616,0.028102
12/24/2020,0.02732,N/A,0.025265,0.027802,0.027154
12/23/2020,0.025152,N/A,0.02828,0.025243,0.024164
12/22/2020,0.028394,N/A,0.02952,0.029022,0.028394
12/21/2020,0.029497,N/A,0.031646,0.02957,0.028833
12/20/2020,0.031685,N/A,0.030907,0.031881,0.030863
12/19/2020,0.030792,N/A,0.031157,0.03123,0.030517
12/18/2020,0.031164,N/A,0.030786,0.031271,0.030851
12/17/2020,0.030828,N/A,0.030929,0.030984,0.030118
12/16/2020,0.030949,N/A,0.02888,0.031893,0.03081
12/15/2020,0.028934,N/A,0.029176,0.029192,0.028791
12/14/2020,0.028981,N/A,0.029054,0.029368,0.028977
12/13/2020,0.02889,N/A,0.028497,0.029224,0.028832
12/12/2020,0.028585,N/A,0.028408,0.02873,0.028459
12/11/2020,0.028442,N/A,0.027857,0.028461,0.02769
12/10/2020,0.02782,N/A,0.028628,0.028178,0.027537
12/09/2020,0.028663,N/A,0.027922,0.028804,0.028447
12/08/2020,0.028006,N/A,0.03004,0.028098,0.027524
12/07/2020,0.030021,N/A,0.030631,0.030294,0.030007
12/06/2020,0.030567,N/A,0.030667,0.030968,0.030457
12/05/2020,0.030673,N/A,0.029871,0.03099,0.030528
12/04/2020,0.02989,N/A,0.031045,0.029891,0.029191
12/03/2020,0.031031,N/A,0.031102,0.031714,0.030751
12/02/2020,0.031183,N/A,0.030157,0.031459,0.030946
12/01/2020,0.030088,N/A,0.033751,0.030601,0.029797
11/30/2020,0.033895,N/A,0.031059,0.034072,0.032059
11/29/2020,0.030992,N/A,0.030055,0.031462,0.030727
11/28/2020,0.030164,N/A,0.02886,0.03059,0.029603
11/27/2020,0.02877,N/A,0.029499,0.029621,0.028639
11/26/2020,0.029557,N/A,0.02951,0.030125,0.028938
11/25/2020,0.029448,N/A,0.033695,0.033869,0.028054
11/24/2020,0.034084,N/A,0.037472,0.03723,0.033468
11/23/2020,0.035822,N/A,0.029407,0.035963,0.031509
11/22/2020,0.029341,N/A,0.029162,0.029495,0.028363
11/21/2020,0.02922,N/A,0.026267,0.030803,0.028284
11/20/2020,0.026325,N/A,0.026115,0.026864,0.026194
11/19/2020,0.026114,N/A,0.025802,0.026257,0.025784
11/18/2020,0.025972,N/A,0.026705,0.027037,0.025898
11/17/2020,0.026662,N/A,0.026551,0.026976,0.026525
11/16/2020,0.026584,N/A,0.025604,0.026605,0.025681
11/15/2020,0.025583,N/A,0.025561,0.025765,0.025442
11/14/2020,0.025563,N/A,0.025482,0.025617,0.025346
11/13/2020,0.025466,N/A,0.025192,0.025735,0.025436
11/12/2020,0.025183,N/A,0.025307,0.025236,0.025061
11/11/2020,0.025306,N/A,0.025214,0.02533,0.024949
11/10/2020,0.025207,N/A,0.025086,0.02539,0.02495
11/09/2020,0.025103,N/A,0.025232,0.025152,0.024762
11/08/2020,0.025252,N/A,0.025128,0.025549,0.025154
11/07/2020,0.025211,N/A,0.026541,0.025274,0.024879
11/06/2020,0.026505,N/A,0.025023,0.02685,0.026242
11/05/2020,0.025165,N/A,0.024409,0.025543,0.024966
11/04/2020,0.024479,N/A,0.024228,0.024603,0.024287
11/03/2020,0.024229,N/A,0.023447,0.024532,0.024048
11/02/2020,0.02345,N/A,0.025741,0.024568,0.023254
11/01/2020,0.025722,N/A,0.025874,0.026054,0.025673
10/31/2020,0.025837,N/A,0.025622,0.026258,0.025834
10/30/2020,0.025511,N/A,0.026403,0.025737,0.025454
10/29/2020,0.026326,N/A,0.027237,0.026671,0.026326
10/28/2020,0.027223,N/A,0.026972,0.027227,0.026868
10/27/2020,0.026996,N/A,0.026762,0.027088,0.02695
10/26/2020,0.026778,N/A,0.027257,0.026926,0.026731
10/25/2020,0.027249,N/A,0.02715,0.027347,0.02691
10/24/2020,0.027167,N/A,0.026659,0.027178,0.026972
10/23/2020,0.02668,N/A,0.026968,0.026743,0.026573
10/22/2020,0.02699,N/A,0.027029,0.027112,0.026866
10/21/2020,0.027004,N/A,0.026493,0.027209,0.026676
10/20/2020,0.026445,N/A,0.025753,0.026445,0.026
10/19/2020,0.025745,N/A,0.025703,0.025872,0.025696
10/18/2020,0.025708,N/A,0.025721,0.025988,0.025672
10/17/2020,0.025723,N/A,0.025796,0.025765,0.025666
10/16/2020,0.025774,N/A,0.026546,0.025777,0.025553
10/15/2020,0.026544,N/A,0.026529,0.026604,0.026397
10/14/2020,0.026544,N/A,0.026771,0.02676,0.0264
10/13/2020,0.026839,N/A,0.027041,0.026958,0.026737
10/12/2020,0.027074,N/A,0.026614,0.02721,0.026926
10/11/2020,0.026642,N/A,0.026293,0.026785,0.026401
10/10/2020,0.026263,N/A,0.027297,0.026501,0.026087
10/09/2020,0.0273,N/A,0.025883,0.0273,0.026261
10/08/2020,0.025919,N/A,0.025336,0.026177,0.025608
10/07/2020,0.025391,N/A,0.025205,0.025527,0.02525
10/06/2020,0.02526,N/A,0.026495,0.025565,0.025041
10/05/2020,0.026456,N/A,0.026171,0.026507,0.026278
10/04/2020,0.026195,N/A,0.026787,0.026774,0.026169
10/03/2020,0.026721,N/A,0.026701,0.027381,0.026613
10/02/2020,0.026692,N/A,0.02582,0.026779,0.025762
10/01/2020,0.02574,N/A,0.026249,0.025861,0.02555
09/30/2020,0.026243,N/A,0.02593,0.026501,0.026162
09/29/2020,0.025955,N/A,0.026258,0.026307,0.025941
09/28/2020,0.026308,N/A,0.026776,0.026455,0.026256
09/27/2020,0.02681,N/A,0.027358,0.027015,0.026578
09/26/2020,0.027553,N/A,0.028099,0.027554,0.027037
09/25/2020,0.028204,N/A,0.026156,0.028578,0.027129
09/24/2020,0.026287,N/A,0.024993,0.026343,0.025971
09/23/2020,0.025045,N/A,0.025122,0.025088,0.024499
09/22/2020,0.025096,N/A,0.025232,0.025205,0.02501
09/21/2020,0.025218,N/A,0.027334,0.025301,0.024738
09/20/2020,0.027456,N/A,0.027181,0.027456,0.026769
09/19/2020,0.027325,N/A,0.029001,0.027718,0.02705
09/18/2020,0.028836,N/A,0.028739,0.029257,0.028718
09/17/2020,0.028649,N/A,0.026455,0.02887,0.02779
09/16/2020,0.026423,N/A,0.027253,0.027381,0.026382
09/15/2020,0.027087,N/A,0.029991,0.02787,0.02668
09/14/2020,0.0299,N/A,0.031099,0.030437,0.029773
09/13/2020,0.031071,N/A,0.032469,0.031122,0.030031
09/12/2020,0.032519,N/A,0.03291,0.03278,0.032037
09/11/2020,0.032894,N/A,0.031663,0.033548,0.032634
09/10/2020,0.031631,N/A,0.03448,0.033742,0.031619
09/09/2020,0.034457,N/A,0.034519,0.035184,0.03393
09/08/2020,0.034241,N/A,0.032192,0.035767,0.034168
09/07/2020,0.03222,N/A,0.030706,0.032846,0.031603
09/06/2020,0.030623,N/A,0.028561,0.03216,0.030379
09/05/2020,0.028669,N/A,0.035761,0.030939,0.028423
09/04/2020,0.036168,N/A,0.039759,0.036574,0.034942
09/03/2020,0.04006,N/A,0.03778,0.041694,0.035891
09/02/2020,0.037425,N/A,0.035193,0.03798,0.034154
09/01/2020,0.034762,N/A,0.030114,0.035327,0.033308
08/31/2020,0.030137,N/A,0.026581,0.030754,0.028245
08/30/2020,0.026596,N/A,0.026137,0.027372,0.026507
08/29/2020,0.026153,N/A,0.023957,0.026384,0.02489
08/28/2020,0.023924,N/A,0.023588,0.02405,0.02372
08/27/2020,0.023441,N/A,0.02387,0.023442,0.022688
08/26/2020,0.023921,N/A,0.023088,0.024469,0.023627
08/25/2020,0.023032,N/A,0.024697,0.023347,0.022811
08/24/2020,0.024658,N/A,0.024506,0.025438,0.024476
08/23/2020,0.024488,N/A,0.024545,0.024494,0.023912
08/22/2020,0.024501,N/A,0.024309,0.02526,0.024429
08/21/2020,0.024194,N/A,0.027662,0.024517,0.02334
08/20/2020,0.027448,N/A,0.026636,0.027685,0.026675
08/19/2020,0.026867,N/A,0.026423,0.027733,0.026479
08/18/2020,0.026921,N/A,0.031607,0.028927,0.026794
08/17/2020,0.031696,N/A,0.027785,0.032456,0.030322
08/16/2020,0.027893,N/A,0.025465,0.02824,0.026803
08/15/2020,0.025645,N/A,0.024147,0.026042,0.024674
08/14/2020,0.024078,N/A,0.02332,0.025005,0.023988
08/13/2020,0.023547,N/A,0.020273,0.02418,0.02237
08/12/2020,0.020254,N/A,0.019848,0.020359,0.020149
08/11/2020,0.019817,N/A,0.021236,0.020109,0.019586
08/10/2020,0.021223,N/A,0.020714,0.021501,0.021221
08/09/2020,0.020748,N/A,0.020496,0.020863,0.020434
08/08/2020,0.020518,N/A,0.019853,0.020573,0.020396
08/07/2020,0.019854,N/A,0.020352,0.019958,0.019677
08/06/2020,0.020362,N/A,0.020078,0.020465,0.020186
08/05/2020,0.02006,N/A,0.020233,0.020362,0.020044
08/04/2020,0.02024,N/A,0.020139,0.020502,0.02012
08/03/2020,0.020094,N/A,0.019368,0.020387,0.019871
08/02/2020,0.019426,N/A,0.021228,0.019498,0.018831
08/01/2020,0.021249,N/A,0.019878,0.021283,0.020435
07/31/2020,0.019912,N/A,0.019025,0.019939,0.019545
07/30/2020,0.019025,N/A,0.018967,0.019276,0.01901
07/29/2020,0.019003,N/A,0.019708,0.019207,0.018931
07/28/2020,0.01967,N/A,0.018553,0.01978,0.018949
07/27/2020,0.018544,N/A,0.018645,0.018994,0.018534
07/26/2020,0.018768,N/A,0.018979,0.018925,0.018503
07/25/2020,0.018928,N/A,0.018218,0.019074,0.018494
07/24/2020,0.01822,N/A,0.017798,0.018318,0.017908
07/23/2020,0.017796,N/A,0.017855,0.017911,0.017784
07/22/2020,0.017856,N/A,0.01758,0.018053,0.017785
07/21/2020,0.01758,N/A,0.017093,0.017712,0.017144
07/20/2020,0.017253,N/A,0.017453,0.017265,0.017144
07/19/2020,0.017468,N/A,0.017349,0.017557,0.0174
07/18/2020,0.017348,N/A,0.017164,0.017578,0.017297
07/17/2020,0.017164,N/A,0.017176,0.017229,0.017128
07/16/2020,0.017097,N/A,0.017503,0.017273,0.017095
07/15/2020,0.017504,N/A,0.01762,0.017611,0.017487
07/14/2020,0.017646,N/A,0.017303,0.017761,0.017589
07/13/2020,0.017319,N/A,0.01801,0.017557,0.017214
07/12/2020,0.01801,N/A,0.01836,0.018205,0.018002
07/11/2020,0.018382,N/A,0.018417,0.018518,0.018322
07/10/2020,0.018384,N/A,0.018511,0.018557,0.018113
07/09/2020,0.01844,N/A,0.017711,0.018671,0.018357
07/08/2020,0.017706,N/A,0.017555,0.017912,0.017536
07/07/2020,0.017478,N/A,0.017688,0.017478,0.016841
07/06/2020,0.017701,N/A,0.017423,0.018122,0.017537
07/05/2020,0.017417,N/A,0.016723,0.017771,0.016903
07/04/2020,0.016729,N/A,0.016769,0.016852,0.016667
07/03/2020,0.016783,N/A,0.016636,0.016821,0.016576
07/02/2020,0.016769,N/A,0.016451,0.017238,0.016657
07/01/2020,0.017157,N/A,0.016346,0.017238,0.016855
06/30/2020,0.016283,N/A,0.016201,0.016375,0.016224
06/29/2020,0.016224,N/A,0.015842,0.016295,0.016162
06/28/2020,0.015839,N/A,0.01535,0.016073,0.015765
06/27/2020,0.015348,N/A,0.015909,0.015464,0.015309
06/26/2020,0.015915,N/A,0.016014,0.015941,0.015782
06/25/2020,0.016022,N/A,0.015644,0.016031,0.015834
06/24/2020,0.015555,N/A,0.016637,0.015975,0.015453
06/23/2020,0.016635,N/A,0.016328,0.016717,0.016491
06/22/2020,0.016305,N/A,0.015967,0.016464,0.016228
06/21/2020,0.01597,N/A,0.015864,0.01599,0.015795
06/20/2020,0.015852,N/A,0.015867,0.016001,0.015848
06/19/2020,0.015875,N/A,0.015731,0.015916,0.015802
06/18/2020,0.015708,N/A,0.016075,0.016048,0.015679
06/17/2020,0.016088,N/A,0.016026,0.016204,0.016041
06/16/2020,0.016037,N/A,0.016201,0.016135,0.015986
06/15/2020,0.016186,N/A,0.015598,0.016255,0.015984
06/14/2020,0.016454,N/A,0.016487,0.016688,0.016315
06/13/2020,0.016456,N/A,0.016251,0.016688,0.016419
06/12/2020,0.016302,N/A,0.01601,0.016461,0.016287
06/11/2020,0.016016,N/A,0.017521,0.01603,0.015616
06/10/2020,0.01752,N/A,0.017508,0.017714,0.017491
06/09/2020,0.017515,N/A,0.017495,0.017613,0.017496
06/08/2020,0.017511,N/A,0.018087,0.017986,0.01748
06/07/2020,0.01809,N/A,0.017563,0.018177,0.01794
06/06/2020,0.017505,N/A,0.01671,0.017647,0.016996
06/05/2020,0.016668,N/A,0.016896,0.016839,0.016534
06/04/2020,0.016691,N/A,0.016414,0.017332,0.016279
06/03/2020,0.017282,N/A,0.016178,0.017332,0.016844
06/02/2020,0.016194,N/A,0.016975,0.016364,0.016096
06/01/2020,0.01698,N/A,0.016368,0.017124,0.016866
05/31/2020,0.016723,N/A,0.01552,0.017052,0.015925
05/30/2020,0.015976,N/A,0.015054,0.016374,0.015944
05/29/2020,0.015003,N/A,0.01524,0.015025,0.014917
05/28/2020,0.015245,N/A,0.014602,0.015338,0.015113
05/27/2020,0.014599,N/A,0.014531,0.014779,0.014592
05/26/2020,0.01455,N/A,0.014649,0.014626,0.0145
05/25/2020,0.014668,N/A,0.014355,0.014756,0.014552
05/24/2020,0.014272,N/A,0.01507,0.014537,0.014105
05/23/2020,0.015084,N/A,0.015399,0.015119,0.014909
05/22/2020,0.015406,N/A,0.01412,0.015663,0.014809
05/21/2020,0.014155,N/A,0.014921,0.014316,0.01411
05/20/2020,0.01492,N/A,0.01532,0.015059,0.014919
05/19/2020,0.015297,N/A,0.015134,0.015506,0.015292
05/18/2020,0.015148,N/A,0.015385,0.015363,0.015134
05/17/2020,0.015405,N/A,0.014985,0.015447,0.014973
05/16/2020,0.015004,N/A,0.015003,0.015059,0.014914
05/15/2020,0.015004,N/A,0.015033,0.015052,0.014802
05/14/2020,0.015058,N/A,0.015001,0.015332,0.014816
05/13/2020,0.014993,N/A,0.014903,0.01509,0.014867
05/12/2020,0.015011,N/A,0.014164,0.015288,0.014498
05/11/2020,0.014181,N/A,0.014171,0.014238,0.013931
05/10/2020,0.014109,N/A,0.016404,0.016111,0.013543
05/09/2020,0.01428,N/A,0.016444,0.016111,0.013543
05/08/2020,0.016435,N/A,0.016174,0.016516,0.016158
05/07/2020,0.016179,N/A,0.016115,0.016386,0.015988
05/06/2020,0.0161,N/A,0.015871,0.016131,0.015435
05/05/2020,0.015905,N/A,0.016344,0.015955,0.015634
05/04/2020,0.016355,N/A,0.015479,0.016527,0.016224
05/03/2020,0.015507,N/A,0.016444,0.016013,0.01532
05/02/2020,0.016454,N/A,0.015858,0.016567,0.01633
05/01/2020,0.015854,N/A,0.01548,0.015885,0.015685
04/30/2020,0.015446,N/A,0.016645,0.01551,0.015182
04/29/2020,0.016689,N/A,0.015101,0.016689,0.01616
04/28/2020,0.015131,N/A,0.014448,0.015315,0.015087
04/27/2020,0.014425,N/A,0.014544,0.014501,0.014303
04/26/2020,0.014572,N/A,0.013981,0.014609,0.014236
04/25/2020,0.013975,N/A,0.013945,0.014093,0.013937
04/24/2020,0.013945,N/A,0.014255,0.013955,0.01373
04/23/2020,0.014263,N/A,0.012997,0.014315,0.01359
04/22/2020,0.01303,N/A,0.012567,0.013157,0.01293
04/21/2020,0.012558,N/A,0.012428,0.012594,0.012422
04/20/2020,0.012425,N/A,0.013076,0.012567,0.012366
04/19/2020,0.013076,N/A,0.013333,0.013083,0.012861
04/18/2020,0.013337,N/A,0.013012,0.013387,0.01319
04/17/2020,0.013008,N/A,0.012977,0.013082,0.012889
04/16/2020,0.012974,N/A,0.012068,0.013089,0.012899
04/15/2020,0.012069,N/A,0.012542,0.01217,0.011815
04/14/2020,0.012522,N/A,0.012626,0.012527,0.012308
04/13/2020,0.012626,N/A,0.012211,0.012671,0.012554
04/12/2020,0.012224,N/A,0.012374,0.012691,0.012116
04/11/2020,0.012378,N/A,0.012709,0.012564,0.012339
04/10/2020,0.012736,N/A,0.012954,0.012774,0.012383
04/09/2020,0.013065,N/A,0.013527,0.0135,0.013065
04/08/2020,0.013523,N/A,0.013649,0.013807,0.013523
04/07/2020,0.013667,N/A,0.013622,0.013724,0.013208
04/06/2020,0.013609,N/A,0.012868,0.01405,0.013448
04/05/2020,0.012862,N/A,0.011962,0.012926,0.012545
04/04/2020,0.011961,N/A,0.011791,0.01206,0.011906
04/03/2020,0.011776,N/A,0.012004,0.012028,0.011722
04/02/2020,0.011997,N/A,0.01157,0.012064,0.011865
04/01/2020,0.011563,N/A,0.011541,0.011683,0.011522
03/31/2020,0.011518,N/A,0.011492,0.011604,0.01143
03/30/2020,0.011495,N/A,0.010884,0.011619,0.011435
03/29/2020,0.010892,N/A,0.011265,0.010942,0.010709
03/28/2020,0.011259,N/A,0.010872,0.011437,0.011212
03/27/2020,0.010852,N/A,0.012001,0.011199,0.010775
03/26/2020,0.011963,N/A,0.011478,0.012073,0.011845
03/25/2020,0.011457,N/A,0.011241,0.011463,0.011357
03/24/2020,0.011269,N/A,0.011316,0.011561,0.011218
03/23/2020,0.011345,N/A,0.010538,0.011474,0.011295
03/22/2020,0.010551,N/A,0.011489,0.01057,0.010126
03/21/2020,0.011442,N/A,0.011381,0.011453,0.011107
03/20/2020,0.011326,N/A,0.011454,0.011557,0.011097
03/19/2020,0.01147,N/A,0.010172,0.011845,0.011393
03/18/2020,0.010188,N/A,0.01016,0.010325,0.010074
03/17/2020,0.010146,N/A,0.010069,0.010186,0.010018
03/16/2020,0.01008,N/A,0.010078,0.010228,0.009492
03/15/2020,0.010085,N/A,0.009757,0.010309,0.01001
03/14/2020,0.009758,N/A,0.01041,0.009911,0.009604
03/13/2020,0.010478,N/A,0.009372,0.010524,0.009981
03/12/2020,0.009053,N/A,0.014259,0.010109,0.006919
03/11/2020,0.014233,N/A,0.015188,0.01494,0.014165
03/10/2020,0.015159,N/A,0.014914,0.015273,0.015017
03/09/2020,0.014886,N/A,0.014754,0.015101,0.014798
03/08/2020,0.014695,N/A,0.016682,0.015038,0.014477
03/07/2020,0.016695,N/A,0.018094,0.017001,0.016561
03/06/2020,0.018078,N/A,0.018007,0.018347,0.018063
03/05/2020,0.018011,N/A,0.018075,0.018158,0.017858
03/04/2020,0.017295,N/A,0.017292,0.01766,0.017135
03/03/2020,0.017486,N/A,0.017514,0.017528,0.017135
03/02/2020,0.01732,N/A,0.016531,0.017593,0.01712
03/01/2020,0.01663,N/A,0.016825,0.016686,0.016398
02/29/2020,0.016758,N/A,0.017061,0.017068,0.016476
02/28/2020,0.017225,N/A,0.017078,0.017301,0.016836
02/27/2020,0.017049,N/A,0.016642,0.017331,0.016939
02/26/2020,0.016601,N/A,0.017368,0.016718,0.015838
02/25/2020,0.017433,N/A,0.019694,0.019178,0.016321
02/24/2020,0.019713,N/A,0.020538,0.019946,0.019504
02/23/2020,0.020512,N/A,0.020589,0.021638,0.020253
02/22/2020,0.020625,N/A,0.020046,0.020791,0.019986
02/21/2020,0.019894,N/A,0.020198,0.020314,0.019806
02/20/2020,0.020092,N/A,0.020262,0.020331,0.019608
02/19/2020,0.020221,N/A,0.022265,0.02052,0.019948
02/18/2020,0.022095,N/A,0.022211,0.022644,0.022024
02/17/2020,0.020731,N/A,0.023338,0.022497,0.020116
02/16/2020,0.020647,N/A,0.024377,0.022497,0.020344
02/15/2020,0.024458,N/A,0.025912,0.024766,0.02313
02/14/2020,0.025834,N/A,0.025829,0.026544,0.025449
02/13/2020,0.02551,N/A,0.025114,0.025968,0.023675
02/12/2020,0.025016,N/A,0.023123,0.02582,0.023841
02/11/2020,0.023222,N/A,0.021525,0.023348,0.022644
02/10/2020,0.021472,N/A,0.021792,0.022225,0.021386
02/09/2020,0.021756,N/A,0.022276,0.022124,0.021571
02/08/2020,0.022245,N/A,0.021478,0.022305,0.021869
02/07/2020,0.021496,N/A,0.022466,0.02207,0.020249
02/06/2020,0.022545,N/A,0.020772,0.022991,0.022351
02/05/2020,0.02079,N/A,0.019633,0.021026,0.020378
02/04/2020,0.019557,N/A,0.018948,0.019557,0.019164
02/03/2020,0.018969,N/A,0.019268,0.019411,0.018966
02/02/2020,0.019276,N/A,0.019068,0.019678,0.01886
02/01/2020,0.019099,N/A,0.018866,0.019143,0.018528
01/31/2020,0.018942,N/A,0.019074,0.019113,0.018532
01/30/2020,0.019074,N/A,0.018425,0.0198,0.018997
01/29/2020,0.018403,N/A,0.018781,0.018669,0.017789
01/28/2020,0.018775,N/A,0.017209,0.018892,0.018504
01/27/2020,0.01727,N/A,0.016802,0.017507,0.017086
01/26/2020,0.016798,N/A,0.016207,0.017091,0.016779
01/25/2020,0.016214,N/A,0.016077,0.016334,0.015985
01/24/2020,0.016022,N/A,0.015777,0.016395,0.015844
01/23/2020,0.015816,N/A,0.016918,0.016341,0.015679
01/22/2020,0.016941,N/A,0.017337,0.01745,0.01685
01/21/2020,0.017355,N/A,0.016886,0.017498,0.017242
01/20/2020,0.01693,N/A,0.016355,0.017038,0.016539
01/19/2020,0.016352,N/A,0.01803,0.01672,0.016321
01/18/2020,0.018016,N/A,0.017443,0.018131,0.017613
01/17/2020,0.017431,N/A,0.017548,0.018001,0.017317
01/16/2020,0.017498,N/A,0.016466,0.017725,0.017071
01/15/2020,0.016526,N/A,0.016374,0.017413,0.016122
01/14/2020,0.016533,N/A,0.015121,0.017629,0.016387
01/13/2020,0.015159,N/A,0.01466,0.01521,0.014641
01/12/2020,0.014662,N/A,0.014701,0.015056,0.014573
01/11/2020,0.014725,N/A,0.014576,0.014768,0.014428
01/10/2020,0.014583,N/A,0.013867,0.014752,0.014533
01/09/2020,0.013895,N/A,0.013991,0.014039,0.013842
01/08/2020,0.013953,N/A,0.014465,0.014105,0.013915
01/07/2020,0.014461,N/A,0.014425,0.01461,0.014322
01/06/2020,0.014455,N/A,0.013889,0.01479,0.0144
01/05/2020,0.013906,N/A,0.013705,0.013921,0.013488
01/04/2020,0.013706,N/A,0.013405,0.013866,0.01343
01/03/2020,0.013421,N/A,0.013138,0.013471,0.01332
01/02/2020,0.013137,N/A,0.013104,0.013205,0.012698
01/01/2020,0.013104,N/A,0.013284,0.013222,0.013058
12/31/2019,0.013282,N/A,0.01331,0.01341,0.013218
12/30/2019,0.01332,N/A,0.013728,0.013352,0.013204
12/29/2019,0.013739,N/A,0.013407,0.013767,0.013552
12/28/2019,0.013402,N/A,0.013318,0.013489,0.013347
12/27/2019,0.013167,N/A,0.013603,0.013396,0.013029
12/26/2019,0.01332,N/A,0.013247,0.013396,0.013274
12/25/2019,0.013256,N/A,0.013541,0.013368,0.013144
12/24/2019,0.013572,N/A,0.013705,0.013581,0.013332
12/23/2019,0.013728,N/A,0.014697,0.013791,0.013392
12/22/2019,0.014809,N/A,0.013956,0.015238,0.014798
12/21/2019,0.01397,N/A,0.013296,0.01409,0.013493
12/20/2019,0.013294,N/A,0.012859,0.01338,0.013242
12/19/2019,0.012884,N/A,0.012975,0.012985,0.012808
12/18/2019,0.013006,N/A,0.012461,0.013498,0.012907
12/17/2019,0.012518,N/A,0.013285,0.012777,0.012353
12/16/2019,0.013274,N/A,0.013855,0.013396,0.013228
12/15/2019,0.013846,N/A,0.013908,0.013945,0.013782
12/14/2019,0.014007,N/A,0.014432,0.014033,0.013734
12/13/2019,0.01448,N/A,0.013737,0.014688,0.014039
12/12/2019,0.01371,N/A,0.013989,0.01384,0.013629
12/11/2019,0.014026,N/A,0.014083,0.014191,0.013884
12/10/2019,0.014101,N/A,0.014284,0.014212,0.014008
12/09/2019,0.014259,N/A,0.01456,0.01441,0.014189
12/08/2019,0.014574,N/A,0.014414,0.014669,0.014469
12/07/2019,0.014396,N/A,0.014771,0.014501,0.014324
12/06/2019,0.014821,N/A,0.014433,0.014844,0.014645
12/05/2019,0.014425,N/A,0.014331,0.014555,0.01434
12/04/2019,0.014342,N/A,0.014129,0.014454,0.014163
12/03/2019,0.014128,N/A,0.015394,0.01519,0.014043
12/02/2019,0.015367,N/A,0.015685,0.015509,0.015208
12/01/2019,0.015682,N/A,0.015131,0.016022,0.015601
11/30/2019,0.015258,N/A,0.01602,0.015486,0.015009
11/29/2019,0.015942,N/A,0.015903,0.016177,0.015871
11/28/2019,0.015829,N/A,0.015874,0.016008,0.015769
11/27/2019,0.015966,N/A,0.015105,0.016243,0.015832
11/26/2019,0.015185,N/A,0.014558,0.015343,0.014997
11/25/2019,0.014372,N/A,0.013485,0.014421,0.014036
11/24/2019,0.013482,N/A,0.014697,0.013902,0.01323
11/23/2019,0.014675,N/A,0.014331,0.015151,0.014675
11/22/2019,0.01432,N/A,0.01548,0.014403,0.014026
11/21/2019,0.015424,N/A,0.016595,0.015588,0.015367
11/20/2019,0.01659,N/A,0.01705,0.016641,0.01636
11/19/2019,0.016806,N/A,0.017286,0.017213,0.016371
11/18/2019,0.017059,N/A,0.018599,0.017213,0.017004
11/17/2019,0.018582,N/A,0.018677,0.018754,0.018558
11/16/2019,0.018693,N/A,0.018558,0.018766,0.018666
11/15/2019,0.018523,N/A,0.019026,0.018628,0.018471
11/14/2019,0.019052,N/A,0.020104,0.019447,0.018951
11/13/2019,0.020097,N/A,0.019368,0.020193,0.020032
11/12/2019,0.019382,N/A,0.01918,0.019685,0.019371
11/11/2019,0.019181,N/A,0.019282,0.019231,0.019016
11/10/2019,0.019237,N/A,0.018911,0.019356,0.019217
11/09/2019,0.019043,N/A,0.018909,0.019048,0.018881
11/08/2019,0.018961,N/A,0.019713,0.018974,0.018708
11/07/2019,0.019722,N/A,0.019884,0.019725,0.019467
11/06/2019,0.019764,N/A,0.019723,0.020166,0.019722
11/05/2019,0.019723,N/A,0.019924,0.019798,0.019575
11/04/2019,0.019893,N/A,0.019444,0.019988,0.01969
11/03/2019,0.019427,N/A,0.019997,0.019658,0.019319
11/02/2019,0.019864,N/A,0.019851,0.019966,0.019852
11/01/2019,0.019673,N/A,0.01978,0.019866,0.019613
10/31/2019,0.019876,N/A,0.020156,0.020047,0.019625
10/30/2019,0.019972,N/A,0.022426,0.020464,0.019831
10/29/2019,0.022167,N/A,0.020833,0.022851,0.021727
10/28/2019,0.020837,N/A,0.021129,0.020841,0.019948
10/27/2019,0.021062,N/A,0.016326,0.022033,0.019097
10/26/2019,0.016238,N/A,0.017702,0.016709,0.01622
10/25/2019,0.017756,N/A,0.015194,0.018164,0.017277
10/24/2019,0.015226,N/A,0.014421,0.015293,0.015154
10/23/2019,0.014415,N/A,0.015108,0.014574,0.014304
10/22/2019,0.015116,N/A,0.015435,0.015136,0.015064
10/21/2019,0.015465,N/A,0.015479,0.015506,0.015389
10/20/2019,0.015412,N/A,0.015209,0.015505,0.01537
10/19/2019,0.01525,N/A,0.015242,0.015478,0.015173
10/18/2019,0.015162,N/A,0.015344,0.0154,0.015149
10/17/2019,0.015344,N/A,0.014766,0.015386,0.015259
10/16/2019,0.014844,N/A,0.015729,0.015189,0.014755
10/15/2019,0.01574,N/A,0.016622,0.015817,0.015595
10/14/2019,0.016574,N/A,0.016388,0.016795,0.016562
10/13/2019,0.01656,N/A,0.015806,0.016614,0.015975
10/12/2019,0.015799,N/A,0.016004,0.015839,0.015616
10/11/2019,0.015922,N/A,0.016228,0.016083,0.015799
10/10/2019,0.016162,N/A,0.016659,0.016231,0.016079
10/09/2019,0.01662,N/A,0.016696,0.016986,0.0166
10/08/2019,0.016697,N/A,0.016367,0.016994,0.016616
10/07/2019,0.016396,N/A,0.014561,0.016396,0.016095
10/06/2019,0.015039,N/A,0.014606,0.015356,0.014979
10/05/2019,0.015107,N/A,0.014558,0.015356,0.014992
10/04/2019,0.01453,N/A,0.014154,0.014567,0.0144
10/03/2019,0.014158,N/A,0.014357,0.014316,0.014077
10/02/2019,0.014354,N/A,0.01393,0.014425,0.014227
10/01/2019,0.013922,N/A,0.014506,0.014038,0.013838
09/30/2019,0.014441,N/A,0.013206,0.014525,0.014326
09/29/2019,0.013138,N/A,0.013525,0.013325,0.013138
09/28/2019,0.013503,N/A,0.013671,0.013615,0.013486
09/27/2019,0.013632,N/A,0.012714,0.013743,0.01358
09/26/2019,0.012668,N/A,0.013139,0.012881,0.012668
09/25/2019,0.01285,N/A,0.013492,0.013194,0.012808
09/24/2019,0.013356,N/A,0.015958,0.013516,0.012746
09/23/2019,0.015904,N/A,0.016802,0.016107,0.015773
09/22/2019,0.016635,N/A,0.017843,0.016885,0.016455
09/21/2019,0.017809,N/A,0.017402,0.018131,0.017431
09/20/2019,0.017411,N/A,0.017311,0.017557,0.017288
09/19/2019,0.017324,N/A,0.017529,0.017622,0.017299
09/18/2019,0.017353,N/A,0.017494,0.017901,0.017033
09/17/2019,0.017293,N/A,0.015678,0.017421,0.016678
09/16/2019,0.015683,N/A,0.015697,0.015753,0.015623
09/15/2019,0.015684,N/A,0.015776,0.015729,0.015496
09/14/2019,0.015773,N/A,0.015371,0.015865,0.015767
09/13/2019,0.015376,N/A,0.014772,0.015554,0.015348
09/12/2019,0.014729,N/A,0.014795,0.014834,0.014708
09/11/2019,0.014686,N/A,0.015494,0.014942,0.01468
09/10/2019,0.015488,N/A,0.015893,0.015698,0.015488
09/09/2019,0.015766,N/A,0.015347,0.016063,0.015156
09/08/2019,0.015784,N/A,0.015462,0.015815,0.015675
09/07/2019,0.015553,N/A,0.01421,0.015563,0.015326
09/06/2019,0.014273,N/A,0.014885,0.014283,0.014148
09/05/2019,0.014814,N/A,0.015419,0.015018,0.014814
09/04/2019,0.015406,N/A,0.015653,0.015551,0.015399
08/16/2019,0.016838,N/A,0.017204,0.017641,0.016566
08/15/2019,0.017487,N/A,0.017897,0.017641,0.01738
08/14/2019,0.017883,N/A,0.020231,0.018116,0.017756
08/13/2019,0.02032,N/A,0.020661,0.020516,0.020131
08/11/2019,0.020899,N/A,0.020416,0.021123,0.019957
08/10/2019,0.020798,N/A,0.020558,0.020798,0.020378
08/06/2019,0.022429,N/A,0.022785,0.022963,0.022315
08/05/2019,0.022383,N/A,0.022128,0.02291,0.022361
08/04/2019,0.022152,N/A,0.021751,0.022557,0.022078
08/03/2019,0.021754,N/A,0.021726,0.021904,0.021753
08/02/2019,0.021882,N/A,0.021933,0.021916,0.021574
08/01/2019,0.021923,N/A,0.02229,0.022149,0.021885
07/31/2019,0.022232,N/A,0.022267,0.022453,0.022223
07/30/2019,0.022281,N/A,0.021759,0.022374,0.022053
07/29/2019,0.021827,N/A,0.022521,0.022023,0.021827
07/28/2019,0.022491,N/A,0.022027,0.022661,0.022129
07/27/2019,0.022022,N/A,0.023482,0.022048,0.021865
07/26/2019,0.023383,N/A,0.022394,0.023719,0.023038
07/25/2019,0.022341,N/A,0.023849,0.022994,0.022331
07/24/2019,0.023817,N/A,0.023541,0.024383,0.023595
07/23/2019,0.023385,N/A,0.02645,0.024223,0.023171
07/22/2019,0.026613,N/A,0.029001,0.026615,0.025596
07/21/2019,0.029025,N/A,0.029586,0.029522,0.028846
07/20/2019,0.029177,N/A,0.027875,0.029601,0.028811
07/19/2019,0.02787,N/A,0.025292,0.028539,0.027776
07/18/2019,0.025445,N/A,0.023006,0.025675,0.025401
07/17/2019,0.022841,N/A,0.021225,0.023037,0.022238
07/16/2019,0.020699,N/A,0.025431,0.021602,0.020588
07/15/2019,0.02512,N/A,0.024508,0.025588,0.025099
07/14/2019,0.024356,N/A,0.028638,0.025273,0.023771
07/13/2019,0.028856,N/A,0.029356,0.028876,0.028272
07/12/2019,0.029324,N/A,0.028347,0.029481,0.029215
07/11/2019,0.02812,N/A,0.031688,0.028459,0.027738
07/10/2019,0.031697,N/A,0.034132,0.032046,0.031376
07/09/2019,0.034102,N/A,0.033906,0.034426,0.033963
07/08/2019,0.034084,N/A,0.034726,0.034192,0.033844
07/07/2019,0.034675,N/A,0.032263,0.034955,0.034539
07/06/2019,0.032026,N/A,0.032292,0.032284,0.031964
07/05/2019,0.032274,N/A,0.031268,0.032337,0.031853
07/04/2019,0.031385,N/A,0.03245,0.03155,0.031198
07/03/2019,0.032476,N/A,0.032364,0.032826,0.032299
07/02/2019,0.032211,N/A,0.032052,0.032482,0.031872
07/01/2019,0.032077,N/A,0.033219,0.032947,0.031769
06/30/2019,0.033247,N/A,0.034815,0.033366,0.031825
06/29/2019,0.034924,N/A,0.033054,0.035466,0.034595
06/28/2019,0.032583,N/A,0.032556,0.033946,0.032543
06/27/2019,0.032828,N/A,0.036236,0.033572,0.032408
06/26/2019,0.03549,N/A,0.038495,0.037151,0.035265
06/25/2019,0.038189,N/A,0.038812,0.038599,0.03811
06/24/2019,0.038811,N/A,0.037091,0.039122,0.038386
06/23/2019,0.037082,N/A,0.037602,0.037565,0.036511
06/22/2019,0.037537,N/A,0.033829,0.037852,0.037227
06/21/2019,0.03385,N/A,0.033347,0.033985,0.033068
06/20/2019,0.033263,N/A,0.033374,0.033635,0.032619
06/19/2019,0.033195,N/A,0.033002,0.033342,0.033187
06/18/2019,0.032936,N/A,0.033616,0.033134,0.032858
06/17/2019,0.033963,N/A,0.033065,0.033993,0.033586
06/16/2019,0.03306,N/A,0.032647,0.03316,0.032802
06/15/2019,0.03276,N/A,0.032233,0.03276,0.032403
06/14/2019,0.032282,N/A,0.032414,0.032418,0.031814
06/13/2019,0.032344,N/A,0.033157,0.032722,0.032162
06/12/2019,0.033133,N/A,0.031254,0.03369,0.033095
06/11/2019,0.031298,N/A,0.031035,0.031332,0.030921
06/10/2019,0.030976,N/A,0.029592,0.031554,0.030928
06/09/2019,0.029569,N/A,0.031624,0.029803,0.02915
06/08/2019,0.031869,N/A,0.033627,0.032232,0.031785
06/07/2019,0.033262,N/A,0.032652,0.033734,0.033255
06/06/2019,0.032593,N/A,0.034039,0.032925,0.032416
06/05/2019,0.034047,N/A,0.034574,0.034122,0.033745
06/04/2019,0.034574,N/A,0.033853,0.035799,0.034471
06/03/2019,0.033662,N/A,0.037547,0.033999,0.03148
06/02/2019,0.037467,N/A,0.038541,0.038465,0.036901
06/01/2019,0.038478,N/A,0.034032,0.039468,0.037262
05/31/2019,0.033281,N/A,0.032,0.033418,0.032567
05/30/2019,0.031969,N/A,0.033684,0.032182,0.031027
05/29/2019,0.033605,N/A,0.033483,0.034481,0.03322
05/28/2019,0.033323,N/A,0.035868,0.034729,0.033002
05/27/2019,0.035976,N/A,0.031416,0.036884,0.034934
05/26/2019,0.030911,N/A,0.027321,0.032039,0.030804
05/25/2019,0.027547,N/A,0.028218,0.027652,0.027491
05/24/2019,0.028392,N/A,0.027031,0.028834,0.027611
05/23/2019,0.026956,N/A,0.027172,0.027507,0.026697
05/22/2019,0.026804,N/A,0.028363,0.027189,0.026444
05/21/2019,0.028774,N/A,0.027687,0.029006,0.028249
05/20/2019,0.027552,N/A,0.027145,0.028113,0.027456
05/19/2019,0.027277,N/A,0.027373,0.028273,0.026931
05/18/2019,0.02735,N/A,0.026707,0.027647,0.026444
05/17/2019,0.026606,N/A,0.027593,0.027301,0.026264
05/16/2019,0.027412,N/A,0.032894,0.028992,0.027261
05/15/2019,0.032487,N/A,0.027984,0.0329,0.030918
05/14/2019,0.028028,N/A,0.025788,0.028655,0.027124
05/13/2019,0.025772,N/A,0.024339,0.025975,0.024287
05/12/2019,0.024349,N/A,0.024711,0.024437,0.023653
05/11/2019,0.024979,N/A,0.023215,0.025253,0.023314
05/10/2019,0.023499,N/A,0.022773,0.023645,0.023314
05/09/2019,0.022751,N/A,0.024231,0.023262,0.022572
05/08/2019,0.024108,N/A,0.024485,0.024551,0.024054
05/07/2019,0.025074,N/A,0.02408,0.025294,0.023446
05/06/2019,0.024086,N/A,0.023018,0.024093,0.023768
05/05/2019,0.022981,N/A,0.022824,0.023031,0.022981
05/04/2019,0.023147,N/A,0.022835,0.023818,0.02314
05/03/2019,0.024163,N/A,0.022835,0.024163,0.02314
03/18/2019,0.022567,N/A,0.022939,0.023199,0.022456
03/17/2019,0.022959,N/A,0.023308,0.023144,0.022708
03/16/2019,0.023032,N/A,0.022998,0.023485,0.022853
03/15/2019,0.022821,N/A,0.022519,0.022823,0.02234
03/14/2019,0.022455,N/A,0.022183,0.022838,0.022093
03/13/2019,0.022189,N/A,0.022185,0.022294,0.021827
03/12/2019,0.02226,N/A,0.022092,0.022575,0.021583
03/11/2019,0.022116,N/A,0.022904,0.023019,0.021858
03/10/2019,0.022643,N/A,0.022292,0.022808,0.022563
03/09/2019,0.022786,N/A,0.022348,0.022885,0.022027
03/08/2019,0.022348,N/A,0.022981,0.023008,0.022263
